price_usd,size_sqft,bedrooms,bathrooms,age_years,garage_sqft,lot_sqft,distance_to_downtown_mi,school_rating_1to10,has_pool,renovated_recently,energy_efficiency_score,neighborhood
608707,1392,3,4,39,157.0,5878.0,9.84,6.5,1,1,68.0,Suburb
768478,2308,1,1,60,448.0,2971.0,5.3,7.2,1,0,64.0,Midtown
626403,1819,2,1,35,274.0,7845.0,16.33,,0,1,89.0,Suburb
592744,1644,3,2,55,363.0,7258.0,14.26,9.2,0,0,77.0,Suburb
857911,1742,4,5,42,231.0,11200.0,0.84,7.3,0,0,65.0,Downtown
287530,1923,3,2,22,413.0,8767.0,26.25,5.9,0,0,,Rural
617964,2139,3,2,70,272.0,5850.0,15.24,8.7,0,0,82.0,Suburb
591612,1250,3,4,56,362.0,7885.0,12.33,8.1,0,0,71.0,Suburb
579005,1227,2,2,61,281.0,2318.0,1.73,7.7,0,0,68.0,Downtown
737470,2408,2,1,75,546.0,4823.0,7.13,6.7,0,0,71.0,Midtown
713614,1573,3,2,19,588.0,7060.0,5.91,7.8,0,1,74.0,Midtown
177766,1021,1,1,7,286.0,1500.0,28.68,7.4,0,0,69.0,Rural
727841,2044,4,5,46,393.0,6700.0,13.57,7.3,0,0,84.0,Suburb
691928,2055,4,4,26,340.0,4255.0,8.66,9.4,0,0,85.0,Suburb
554019,958,2,3,34,448.0,5743.0,5.05,6.4,0,0,76.0,Midtown
819746,1926,2,1,18,276.0,3957.0,1.0,7.1,1,0,86.0,Downtown
708892,2205,2,2,31,264.0,8047.0,7.43,7.0,0,1,70.0,Midtown
840748,2006,4,3,31,502.0,6796.0,1.48,5.8,0,0,78.0,Downtown
768831,2148,4,4,28,320.0,10419.0,15.4,6.4,0,0,82.0,Suburb
501888,1028,1,1,59,,5590.0,12.02,7.7,1,1,82.0,Suburb
768648,1982,3,4,47,160.0,4797.0,4.99,10.0,0,0,81.0,Suburb
646474,1634,1,1,37,365.0,5684.0,5.47,6.4,0,1,78.0,Midtown
465326,1534,3,4,9,583.0,2820.0,16.85,6.6,0,0,93.0,Rural
716480,2279,2,2,45,402.0,8090.0,7.35,7.3,0,1,64.0,Suburb
908922,2614,2,1,14,490.0,8951.0,11.02,9.3,0,0,68.0,Suburb
1085110,2787,3,4,25,248.0,13857.0,1.9,7.3,0,0,67.0,Downtown
915637,2523,2,2,33,343.0,5813.0,5.19,8.1,1,0,66.0,Midtown
697408,1740,2,1,11,202.0,5759.0,2.39,7.2,0,0,46.0,Downtown
871533,1994,4,5,31,358.0,5293.0,1.94,6.1,0,1,86.0,Downtown
725393,2222,5,5,21,513.0,7537.0,11.84,7.4,0,0,58.0,Suburb
561849,1867,1,1,67,292.0,7535.0,13.05,7.1,0,0,72.0,Suburb
438443,1872,2,3,68,145.0,6453.0,22.73,5.8,0,1,53.0,Rural
972487,2253,5,5,0,262.0,9759.0,4.59,8.2,0,1,77.0,Midtown
724520,1767,3,4,48,184.0,4918.0,6.13,7.7,0,0,61.0,Midtown
643783,1399,2,1,51,374.0,8484.0,5.12,9.8,0,0,56.0,Midtown
775612,1572,3,3,30,598.0,7573.0,1.84,8.7,0,1,72.0,Downtown
812275,2149,1,1,37,443.0,6889.0,2.06,6.3,1,1,62.0,Downtown
625600,1802,1,1,63,52.0,5715.0,5.22,7.5,0,1,63.0,Midtown
997296,1987,4,4,30,556.0,12791.0,1.76,5.6,0,1,72.0,Downtown
739110,2169,3,3,5,462.0,4900.0,14.37,7.4,0,0,80.0,Suburb
725516,1594,4,4,29,200.0,6998.0,6.07,7.5,0,0,60.0,Midtown
700904,2216,2,3,20,279.0,5124.0,13.13,9.7,0,0,58.0,Suburb
811493,2008,5,5,30,551.0,11214.0,10.1,8.0,0,0,70.0,Suburb
681359,1121,3,2,18,416.0,7902.0,3.49,7.5,0,1,76.0,Midtown
783345,2593,4,3,11,228.0,5756.0,15.67,8.7,0,0,88.0,Suburb
505580,1525,1,2,78,353.0,7451.0,13.91,8.0,0,0,57.0,Suburb
485934,890,1,2,10,23.0,6052.0,4.93,5.9,0,0,66.0,Midtown
619358,1225,4,4,56,358.0,4518.0,1.84,8.9,0,0,84.0,Midtown
663212,1238,5,4,57,557.0,7721.0,4.88,8.3,0,0,94.0,Suburb
786514,1829,5,5,49,422.0,7508.0,0.81,7.4,0,0,58.0,Downtown
696523,1649,2,1,72,,6858.0,1.97,6.2,0,1,61.0,Downtown
741408,1615,1,1,0,387.0,6173.0,1.13,5.8,0,0,75.0,Downtown
770265,2141,5,4,24,537.0,7987.0,12.35,8.5,0,0,63.0,Suburb
766731,1987,4,3,14,542.0,7298.0,2.95,7.5,0,0,61.0,Suburb
725945,1974,2,3,46,420.0,6857.0,10.82,8.6,1,0,73.0,Suburb
680120,2025,4,4,50,515.0,5167.0,13.01,7.0,0,1,89.0,Suburb
829424,2139,5,4,71,508.0,11141.0,4.9,7.3,0,0,54.0,Midtown
497547,641,2,2,30,347.0,2483.0,4.96,8.3,0,1,88.0,Midtown
731513,1600,4,3,18,396.0,7329.0,0.81,6.9,0,0,63.0,Downtown
532783,601,4,4,73,357.0,4261.0,0.99,5.1,0,0,74.0,Downtown
772983,1820,3,3,53,205.0,10923.0,8.0,9.0,1,0,89.0,Suburb
713983,1797,4,4,61,270.0,4238.0,4.37,7.2,0,1,,Midtown
783377,2375,2,3,35,281.0,5352.0,3.36,6.0,0,1,66.0,Midtown
880286,2453,5,4,35,449.0,4859.0,6.46,7.7,0,0,79.0,Suburb
761168,1912,5,4,31,593.0,7443.0,8.74,8.9,0,0,68.0,Suburb
653809,1525,5,5,59,415.0,2737.0,2.04,6.7,1,0,76.0,Midtown
811228,2067,4,5,16,505.0,,4.94,6.9,1,0,68.0,Midtown
492588,1510,1,1,78,410.0,1500.0,6.3,7.0,0,0,80.0,Midtown
801768,1799,2,1,14,287.0,7100.0,2.01,7.8,0,1,53.0,Downtown
773494,2342,3,4,36,421.0,5900.0,8.34,,0,0,58.0,Midtown
660871,1493,5,5,25,391.0,2411.0,1.15,4.1,0,1,53.0,Downtown
801351,2243,3,2,51,509.0,9746.0,7.17,6.9,0,1,69.0,Midtown
635577,2173,3,3,54,,3678.0,10.34,8.1,0,0,52.0,Suburb
616285,1275,1,1,73,137.0,7862.0,0.98,8.7,0,0,62.0,Downtown
879753,2336,4,5,63,404.0,5391.0,1.55,6.5,0,1,57.0,Downtown
886874,2184,2,1,19,513.0,10965.0,6.46,7.9,0,0,88.0,Midtown
763360,1856,1,1,16,,8441.0,4.16,7.4,0,0,58.0,Midtown
566715,1381,5,5,70,474.0,3477.0,9.6,8.9,0,1,55.0,Suburb
587934,1327,1,1,39,346.0,3640.0,4.03,8.5,0,0,73.0,Midtown
656652,1504,1,1,7,156.0,7659.0,9.68,8.9,0,1,90.0,Suburb
554165,2098,1,1,65,341.0,6202.0,14.91,8.5,0,0,69.0,Suburb
588838,1274,3,3,51,183.0,5445.0,3.97,7.7,0,0,70.0,Midtown
724787,2041,1,2,2,205.0,9970.0,12.9,7.7,0,0,85.0,Suburb
593307,1117,5,5,62,549.0,3809.0,1.07,6.1,0,0,81.0,Downtown
714275,1688,3,2,48,393.0,6594.0,1.21,6.0,0,0,75.0,Downtown
731481,1860,2,1,49,278.0,8959.0,1.22,3.1,0,0,63.0,Downtown
807885,3145,1,1,69,334.0,10137.0,14.37,7.4,0,0,75.0,Suburb
539579,1042,3,4,39,343.0,5191.0,3.68,7.5,0,0,54.0,Midtown
953434,2610,1,2,36,282.0,6750.0,2.07,6.6,0,0,63.0,Downtown
652230,1882,5,4,49,499.0,2251.0,5.33,8.2,0,0,87.0,Midtown
763511,2026,2,1,15,,4131.0,1.97,5.8,0,0,86.0,Downtown
640035,1865,3,2,12,355.0,7374.0,13.13,7.8,0,0,75.0,Suburb
643189,2045,1,1,67,243.0,6449.0,6.61,,0,0,47.0,Midtown
665821,1715,1,1,17,90.0,6585.0,5.91,6.1,1,0,56.0,Midtown
850953,2600,2,3,40,205.0,10058.0,5.31,7.7,0,0,62.0,Midtown
524850,1549,1,1,21,468.0,3230.0,16.47,9.2,0,0,68.0,Suburb
926923,2423,4,5,18,431.0,6657.0,6.38,6.7,0,1,55.0,Midtown
735582,1446,5,5,47,261.0,6547.0,1.65,,0,0,67.0,Downtown
793040,1767,5,5,64,235.0,4700.0,1.34,,0,0,91.0,Downtown
367707,1210,2,3,35,302.0,9371.0,24.78,8.2,0,1,75.0,Rural
591472,2050,4,3,11,572.0,9071.0,25.23,8.6,0,0,73.0,Rural
895551,2595,3,4,19,328.0,8179.0,10.04,7.7,1,0,58.0,Suburb
778469,1757,1,1,13,437.0,10934.0,6.73,8.9,0,0,50.0,Midtown
373952,1692,1,1,70,322.0,2623.0,22.97,6.9,0,0,55.0,Rural
565682,1187,3,4,25,407.0,5745.0,13.26,7.4,1,0,50.0,Suburb
674523,1674,3,3,29,190.0,7265.0,13.36,9.9,0,0,71.0,Suburb
578766,924,1,1,5,393.0,3162.0,3.24,6.3,0,0,,Midtown
663347,1298,5,5,35,380.0,6649.0,3.29,7.0,0,0,58.0,Midtown
764450,1925,4,4,73,489.0,3884.0,1.9,9.3,0,0,72.0,Downtown
656702,2525,3,2,32,252.0,9096.0,23.52,6.8,0,0,88.0,Rural
1085176,3345,5,5,52,441.0,10999.0,2.66,7.4,0,0,93.0,Midtown
763430,1477,5,4,14,462.0,6793.0,1.76,5.7,0,0,79.0,Downtown
786942,2589,5,5,11,402.0,2815.0,6.02,7.1,0,0,68.0,Midtown
658784,1934,2,2,58,364.0,4244.0,6.58,7.7,0,0,79.0,Midtown
857681,1717,5,4,5,388.0,7812.0,1.45,5.8,1,0,86.0,Downtown
674065,2038,3,4,35,272.0,6839.0,16.78,8.5,0,0,46.0,Suburb
675814,1834,4,4,25,578.0,1500.0,12.9,8.7,0,1,88.0,Suburb
792762,1861,5,4,1,546.0,9680.0,11.32,8.9,1,1,63.0,Suburb
736780,1575,1,1,42,189.0,6572.0,0.75,6.2,1,0,64.0,Midtown
419597,1031,3,3,77,418.0,3530.0,13.41,8.9,0,0,66.0,Suburb
565077,951,1,1,5,191.0,7969.0,5.01,6.2,0,0,74.0,Midtown
579210,2159,2,3,65,173.0,5237.0,14.05,8.0,0,1,57.0,Suburb
725479,1648,3,3,43,474.0,4596.0,1.89,9.7,0,0,67.0,Downtown
719502,1472,5,5,57,216.0,7002.0,4.81,8.0,0,0,76.0,Midtown
914074,1805,5,5,7,531.0,10959.0,1.38,6.0,0,1,73.0,Downtown
803868,2237,2,2,69,285.0,11083.0,5.1,6.3,0,0,75.0,Midtown
786674,1899,2,1,0,290.0,7518.0,5.94,8.1,0,1,66.0,Midtown
636175,1439,3,3,72,399.0,7223.0,1.85,6.3,0,0,78.0,Downtown
953555,2474,5,4,52,490.0,9288.0,1.09,6.0,0,0,83.0,Downtown
965183,2669,5,5,26,321.0,4400.0,4.75,5.7,0,1,82.0,Midtown
913113,2072,2,3,0,401.0,8437.0,2.64,6.6,0,0,75.0,Downtown
515142,2336,1,2,48,294.0,5308.0,27.52,7.9,1,0,81.0,Rural
1020231,2483,4,5,6,234.0,8116.0,5.69,6.5,1,1,80.0,Midtown
811504,2422,2,1,48,295.0,6678.0,4.32,8.0,0,1,98.0,Midtown
690543,2138,1,1,61,446.0,8159.0,6.89,4.9,0,0,85.0,Midtown
946606,2129,1,2,21,481.0,7190.0,1.86,6.2,1,1,69.0,Downtown
481902,2086,3,3,19,436.0,1500.0,22.62,4.9,1,0,59.0,Rural
634880,1196,2,1,17,172.0,6222.0,3.48,8.9,1,0,67.0,Midtown
742671,2185,3,2,17,409.0,8567.0,15.8,8.4,0,1,66.0,Suburb
629038,1054,2,3,9,417.0,6720.0,1.64,6.2,0,0,76.0,Downtown
705449,1363,4,4,19,472.0,5719.0,3.94,8.3,0,1,62.0,Midtown
913365,2517,4,3,52,479.0,11466.0,6.88,6.5,0,0,84.0,Midtown
708971,2262,3,4,24,394.0,7833.0,12.16,7.1,0,0,53.0,Rural
788648,2618,1,1,62,271.0,8576.0,3.28,7.3,0,0,,Midtown
685158,1651,3,3,65,277.0,8932.0,4.31,5.7,0,0,68.0,Midtown
565737,1166,4,3,60,157.0,6646.0,4.89,6.7,0,1,60.0,Midtown
598878,1668,2,2,43,356.0,4097.0,5.88,8.5,0,0,55.0,Midtown
693540,1856,2,2,25,337.0,1500.0,2.36,7.7,0,0,62.0,Midtown
768454,1843,3,4,74,417.0,5359.0,2.6,7.0,0,0,61.0,Midtown
1005526,2424,2,2,16,,9151.0,2.22,,0,0,70.0,Downtown
595848,1601,3,2,37,427.0,5378.0,15.26,7.4,1,0,63.0,Suburb
667937,1994,2,1,36,562.0,8736.0,14.82,8.6,0,0,64.0,Suburb
618757,1256,2,1,59,324.0,6219.0,2.55,7.4,0,0,70.0,Downtown
860280,2048,4,4,43,378.0,10018.0,5.62,8.7,0,0,82.0,Midtown
740885,1802,3,2,63,387.0,5764.0,1.11,7.2,0,0,88.0,Downtown
624469,1388,3,3,73,594.0,7175.0,10.63,8.8,0,0,72.0,Suburb
648282,1670,4,5,31,262.0,7609.0,6.27,6.4,0,0,73.0,Midtown
670970,1699,2,3,69,339.0,10133.0,9.08,7.5,1,0,68.0,Suburb
607337,1651,1,1,13,184.0,2055.0,8.44,9.5,0,0,76.0,Suburb
792351,2774,5,5,73,354.0,6523.0,17.93,10.0,1,0,75.0,Suburb
773414,1746,1,2,14,274.0,8556.0,1.55,5.7,0,0,86.0,Downtown
563693,1666,3,3,68,512.0,10204.0,17.88,7.9,0,1,47.0,Rural
584358,646,2,3,31,531.0,5715.0,2.15,7.1,0,0,67.0,Downtown
576489,1308,2,1,77,369.0,5178.0,1.78,6.5,0,1,74.0,Downtown
688802,1655,1,2,10,235.0,8219.0,4.08,6.5,1,0,70.0,Midtown
671555,1423,5,4,37,719.0,8219.0,4.21,6.4,0,0,59.0,Midtown
695116,2560,3,4,72,299.0,6513.0,11.96,7.1,0,1,54.0,Suburb
637112,1709,2,3,3,246.0,7217.0,8.75,7.1,0,0,80.0,Suburb
917674,2509,4,4,21,172.0,10302.0,3.49,7.6,1,0,61.0,Midtown
632573,1834,1,1,6,448.0,11267.0,20.58,10.0,0,0,49.0,Rural
766299,1820,3,3,25,466.0,8381.0,6.33,8.3,0,0,80.0,Midtown
729174,1751,3,3,31,640.0,,4.54,6.1,0,0,76.0,Midtown
683630,1802,3,4,49,183.0,6367.0,5.96,7.4,0,1,69.0,Midtown
728818,2745,1,2,20,455.0,9027.0,21.7,7.8,0,0,59.0,Rural
634671,600,5,5,12,428.0,4771.0,1.44,7.6,0,0,69.0,Downtown
570056,699,2,3,13,412.0,5653.0,0.62,,0,0,85.0,Downtown
638424,1501,4,4,75,187.0,3497.0,4.78,8.2,0,0,51.0,Midtown
585577,1808,4,4,76,561.0,9752.0,15.3,5.0,0,1,51.0,Rural
643372,2180,2,3,17,409.0,4106.0,17.54,8.7,0,0,62.0,Suburb
722080,2060,1,2,15,275.0,5732.0,11.95,8.8,0,1,70.0,Suburb
624152,1589,2,2,4,392.0,6491.0,11.76,7.0,0,0,64.0,Suburb
932308,2360,5,5,76,328.0,12149.0,10.78,7.9,1,0,,Suburb
884303,2367,5,5,56,350.0,6124.0,4.91,8.5,0,0,83.0,Midtown
762646,1901,5,5,60,364.0,4956.0,5.1,6.9,0,1,73.0,Midtown
788881,2329,2,2,23,93.0,5758.0,7.37,8.6,1,0,77.0,Suburb
787674,1950,4,3,51,488.0,10827.0,9.96,8.3,0,0,73.0,Suburb
543970,1491,1,1,4,,1500.0,5.12,6.0,0,1,70.0,Midtown
794774,2184,4,3,54,301.0,4454.0,1.43,6.8,0,0,54.0,Downtown
826896,1861,3,3,46,392.0,13401.0,11.23,7.8,0,0,58.0,Suburb
692361,1801,4,4,26,353.0,7978.0,4.11,7.5,0,1,54.0,Midtown
580604,2610,4,5,56,424.0,4707.0,27.19,7.6,0,0,68.0,Rural
541872,600,5,4,51,345.0,4955.0,1.63,6.8,0,0,73.0,Downtown
589583,1020,3,4,35,244.0,5733.0,1.96,6.6,0,0,53.0,Downtown
599953,1147,2,2,14,441.0,,12.99,9.3,1,1,71.0,Suburb
802786,1600,3,2,1,342.0,10859.0,1.16,6.4,0,0,59.0,Downtown
728298,1660,1,1,75,523.0,7303.0,2.36,7.6,1,1,57.0,Downtown
528467,971,1,1,22,286.0,4156.0,5.76,8.2,0,1,62.0,Midtown
622984,1258,3,4,24,239.0,7817.0,6.94,8.0,1,0,57.0,Suburb
754342,1327,5,5,54,567.0,4187.0,1.97,7.9,0,0,77.0,Downtown
1043040,3152,3,4,20,426.0,5539.0,4.02,8.3,1,1,68.0,Midtown
813223,2791,4,4,30,472.0,3289.0,15.08,7.6,0,0,80.0,Suburb
240217,1574,1,1,56,423.0,2316.0,29.48,9.2,0,0,65.0,Rural
651621,1600,3,2,47,272.0,4019.0,4.32,7.0,0,0,65.0,Midtown
653165,1168,4,5,52,370.0,2797.0,2.16,6.5,0,1,92.0,Downtown
572822,751,2,1,0,294.0,6024.0,1.49,7.1,0,0,51.0,Downtown
676315,1736,1,1,36,125.0,3425.0,0.2,6.5,1,0,85.0,Downtown
516338,1251,1,1,38,248.0,1500.0,1.81,5.6,0,0,90.0,Downtown
687448,1753,5,5,50,580.0,3834.0,13.99,6.5,1,0,79.0,Suburb
580287,920,4,3,12,413.0,4264.0,1.75,5.2,0,1,66.0,Downtown
643913,1381,2,1,12,153.0,4484.0,6.05,8.6,0,0,87.0,Midtown
687753,1882,2,2,60,128.0,10397.0,10.94,8.6,1,1,66.0,Suburb
771567,2001,1,2,53,480.0,5207.0,4.64,8.5,0,1,62.0,Midtown
812432,2030,5,5,64,409.0,8978.0,1.98,5.8,0,0,65.0,Downtown
458144,1074,1,2,21,202.0,5581.0,9.53,5.6,0,1,63.0,Suburb
686628,2270,4,5,79,352.0,6958.0,13.37,7.3,0,1,59.0,Suburb
502516,1360,2,3,21,138.0,3884.0,15.68,8.6,0,1,83.0,Suburb
827304,2148,2,2,52,486.0,6771.0,0.44,5.0,0,1,61.0,Downtown
767588,1794,2,3,12,268.0,4580.0,0.91,7.6,0,0,70.0,Downtown
335003,1043,5,5,73,584.0,6017.0,19.72,5.9,0,1,53.0,Rural
652575,1626,1,2,26,286.0,5701.0,2.51,5.5,0,0,70.0,Midtown
618822,2001,2,2,64,487.0,4380.0,6.23,4.9,0,1,56.0,Midtown
832637,2137,2,1,26,346.0,9384.0,4.29,8.0,0,0,56.0,Midtown
663318,1722,2,2,63,417.0,7474.0,11.94,7.8,1,0,69.0,Suburb
757907,2642,1,2,36,366.0,,15.82,7.6,1,1,83.0,Rural
957589,2354,5,5,4,495.0,7529.0,5.63,8.0,1,0,75.0,Midtown
514041,1659,2,2,15,,6121.0,22.7,6.5,0,0,76.0,Rural
806323,2213,3,2,54,322.0,4827.0,0.2,5.9,0,1,68.0,Downtown
954946,2864,2,2,15,545.0,7953.0,4.68,9.1,0,1,66.0,Midtown
931288,2878,5,5,22,,6241.0,12.1,8.4,0,0,79.0,Suburb
590269,1125,2,2,43,316.0,3328.0,1.62,8.0,1,1,63.0,Downtown
605894,1290,2,2,20,317.0,1831.0,1.77,6.5,0,1,80.0,Downtown
847858,2617,2,2,10,363.0,6584.0,8.67,5.9,0,1,85.0,Midtown
330529,1218,2,1,49,263.0,7219.0,22.94,6.4,1,0,60.0,Rural
448282,1073,1,1,55,318.0,3891.0,4.85,4.8,0,0,62.0,Midtown
510679,1533,4,5,58,365.0,12481.0,25.02,6.4,0,1,63.0,Rural
649334,2031,1,1,75,90.0,8991.0,15.22,7.8,0,1,52.0,Suburb
785023,1744,2,3,9,316.0,9694.0,4.37,6.4,0,0,64.0,Midtown
615009,1442,2,1,34,183.0,8059.0,9.92,7.9,0,0,86.0,Suburb
728745,1429,2,2,18,107.0,10687.0,1.05,7.3,0,0,57.0,Downtown
614306,1408,4,4,72,401.0,4062.0,1.87,7.8,0,1,86.0,Downtown
488088,1316,3,4,43,409.0,1500.0,12.63,8.0,0,1,65.0,Suburb
855015,3055,5,5,7,483.0,6891.0,15.7,8.9,0,0,95.0,Suburb
712573,1964,2,2,55,383.0,8092.0,1.52,6.5,0,0,62.0,Downtown
897355,2288,5,5,3,188.0,7464.0,2.53,7.9,0,0,68.0,Midtown
597275,1531,1,2,21,117.0,6866.0,12.08,8.1,0,1,59.0,Suburb
677640,1698,3,3,57,587.0,9680.0,8.15,8.2,0,0,62.0,Suburb
653039,1408,4,3,40,259.0,6985.0,11.39,8.2,0,0,86.0,Suburb
507212,600,3,3,60,423.0,7057.0,4.4,,0,0,76.0,Midtown
567597,1042,5,4,45,338.0,3241.0,5.82,8.2,0,1,82.0,Midtown
418766,804,2,2,67,325.0,2566.0,7.66,7.1,0,0,54.0,Midtown
465051,600,1,1,45,204.0,9095.0,11.14,8.4,0,0,78.0,Suburb
581618,1143,4,3,4,452.0,5964.0,13.6,8.2,1,0,58.0,Suburb
858392,2529,1,1,5,296.0,5817.0,2.92,7.2,1,1,54.0,Midtown
770586,1776,4,5,62,331.0,4918.0,0.89,7.9,1,0,,Downtown
872820,2510,4,4,3,259.0,5729.0,0.8,5.6,0,0,73.0,Downtown
772058,2026,5,4,30,452.0,4999.0,7.44,7.7,1,0,71.0,Suburb
679711,2230,3,4,1,204.0,3808.0,12.73,7.7,0,0,79.0,Suburb
631821,1305,5,5,24,471.0,2155.0,2.46,4.0,0,1,80.0,Downtown
865061,2088,1,2,47,595.0,6358.0,1.92,6.1,1,1,88.0,Downtown
703772,2201,3,4,13,512.0,5499.0,7.73,6.6,0,0,56.0,Midtown
709064,1483,1,2,37,366.0,8887.0,2.77,7.2,0,1,88.0,Downtown
724189,2108,4,4,79,375.0,7602.0,10.59,8.8,0,0,93.0,Suburb
854379,2111,4,3,5,152.0,7536.0,3.15,7.9,0,1,66.0,Midtown
730479,1498,5,5,5,261.0,4280.0,2.51,9.4,0,0,50.0,Downtown
309886,1182,4,3,21,539.0,5456.0,26.06,6.0,0,0,53.0,Rural
577714,1149,2,1,66,220.0,6621.0,3.04,7.0,0,1,64.0,Downtown
721570,1848,1,2,32,196.0,8348.0,4.57,7.7,0,1,94.0,Midtown
837255,1980,5,5,51,400.0,6481.0,1.22,7.6,0,1,70.0,Downtown
727478,1364,3,3,2,223.0,8675.0,1.07,6.4,0,0,63.0,Downtown
745715,1815,1,2,58,133.0,6538.0,0.21,8.6,0,1,62.0,Downtown
925375,2114,5,5,5,414.0,8859.0,1.3,5.9,0,1,54.0,Downtown
874162,2140,5,5,56,313.0,5683.0,2.3,8.2,0,0,80.0,Downtown
920096,2654,3,2,11,261.0,2993.0,1.92,7.2,0,0,69.0,Downtown
845760,2502,4,4,68,291.0,8013.0,7.42,8.2,0,0,95.0,Midtown
505685,1249,1,1,23,343.0,7652.0,12.27,8.7,0,0,78.0,Suburb
993245,2726,1,2,14,252.0,9050.0,5.0,6.7,0,1,80.0,Midtown
647637,1508,2,1,26,294.0,7205.0,4.26,5.1,0,0,67.0,Midtown
836557,2375,4,5,0,457.0,6319.0,4.48,6.5,0,0,57.0,Midtown
637613,1837,1,1,13,263.0,4528.0,10.31,8.7,0,0,60.0,Suburb
635640,1573,1,1,47,247.0,7607.0,9.29,7.9,0,1,54.0,Suburb
632963,806,4,3,24,441.0,6373.0,2.11,4.5,0,0,81.0,Downtown
833996,1706,4,5,28,465.0,4985.0,0.2,7.5,1,1,65.0,Downtown
639056,942,4,4,64,367.0,8244.0,1.77,5.0,0,0,81.0,Downtown
839416,2332,4,5,9,395.0,4931.0,3.3,6.2,0,0,72.0,Downtown
931560,2634,5,4,31,326.0,6042.0,3.51,7.8,0,1,66.0,Midtown
705092,1362,4,4,14,282.0,10065.0,3.28,7.4,0,0,56.0,Midtown
849789,1966,3,4,38,442.0,8871.0,1.49,4.4,0,1,74.0,Downtown
724201,1401,5,5,26,473.0,5126.0,5.37,7.7,0,0,67.0,Midtown
722318,1454,2,1,3,370.0,6803.0,2.13,6.3,1,0,81.0,Midtown
813468,2226,1,1,5,314.0,7398.0,1.83,6.6,0,0,61.0,Downtown
547188,1779,4,4,68,391.0,1500.0,8.08,7.1,0,1,77.0,Suburb
1052960,2757,2,2,4,399.0,5382.0,2.06,5.5,1,0,90.0,Downtown
501354,1535,5,5,62,532.0,6055.0,23.94,9.0,1,0,73.0,Rural
858769,2350,3,2,73,459.0,6268.0,3.73,7.5,0,0,79.0,Downtown
727244,1854,5,5,37,408.0,7183.0,11.04,8.2,0,1,77.0,Suburb
634655,2238,1,1,24,446.0,9849.0,25.51,9.2,0,1,93.0,Rural
355573,1554,4,3,62,412.0,5401.0,28.55,9.3,0,1,74.0,Rural
579352,1773,3,4,78,426.0,3823.0,16.47,8.1,1,0,78.0,Suburb
610840,1736,3,4,9,384.0,7235.0,13.95,7.0,0,0,70.0,Suburb
535299,1340,2,2,77,345.0,5131.0,8.75,9.6,0,1,61.0,Suburb
699695,2164,5,5,75,332.0,6547.0,11.12,7.7,0,1,56.0,Suburb
754377,2158,2,2,11,399.0,6200.0,1.52,6.6,0,1,85.0,Downtown
932689,2126,5,5,4,761.0,12496.0,4.5,7.1,0,1,58.0,Midtown
801012,2645,3,2,57,305.0,1912.0,2.95,9.5,0,1,79.0,Midtown
761366,2597,1,1,6,289.0,6486.0,16.52,9.4,0,0,75.0,Suburb
689563,1594,5,5,48,366.0,6244.0,6.01,6.2,0,0,81.0,Midtown
781385,2005,1,1,5,221.0,4793.0,7.68,7.3,0,1,64.0,Midtown
617813,1457,2,3,55,500.0,8338.0,10.69,,0,0,61.0,Suburb
804342,1813,5,5,18,339.0,8549.0,4.11,5.9,0,0,75.0,Midtown
782176,1470,5,5,7,363.0,5985.0,2.29,7.7,0,0,66.0,Downtown
984438,2691,5,5,5,230.0,6893.0,2.95,7.0,0,0,55.0,Midtown
829319,2000,3,2,15,259.0,6460.0,7.21,7.0,1,1,93.0,Midtown
748450,1680,4,5,43,180.0,6094.0,1.91,5.1,0,1,61.0,Downtown
876318,2456,2,2,6,391.0,7091.0,7.22,7.9,0,0,58.0,Midtown
402155,606,4,4,64,721.0,4597.0,5.79,6.9,0,0,67.0,Midtown
549923,692,3,3,48,306.0,5802.0,5.49,7.2,0,0,85.0,Midtown
844780,2238,1,1,23,80.0,8909.0,4.54,6.1,0,1,44.0,Midtown
560565,1833,3,3,78,458.0,3464.0,13.87,6.7,0,0,84.0,Suburb
610938,1938,3,3,52,263.0,4039.0,4.98,5.7,0,0,59.0,Midtown
356857,1070,2,2,53,471.0,1500.0,11.05,4.4,0,0,73.0,Rural
566069,1787,2,1,13,281.0,8650.0,12.88,,0,0,62.0,Rural
955086,2902,3,3,56,274.0,8448.0,4.78,5.3,0,0,94.0,Midtown
762240,2253,1,1,44,259.0,8307.0,3.8,7.1,0,1,71.0,Midtown
661555,1893,1,1,78,371.0,3038.0,5.9,6.0,0,0,62.0,Midtown
613831,1559,4,3,38,358.0,10673.0,12.93,9.0,0,0,66.0,Suburb
556509,1583,2,2,54,255.0,4717.0,11.15,8.1,0,0,71.0,Suburb
371594,629,4,3,27,361.0,5515.0,13.58,8.6,0,0,72.0,Suburb
828228,1942,3,3,3,197.0,8806.0,3.19,8.3,0,0,75.0,Midtown
747205,2265,3,2,10,398.0,4591.0,10.38,8.0,0,1,70.0,Suburb
475173,933,3,3,69,136.0,4094.0,7.32,7.3,0,0,53.0,Midtown
573398,1436,3,4,59,297.0,6511.0,12.4,9.1,0,1,66.0,Suburb
761625,1163,5,5,29,511.0,12879.0,1.9,2.8,0,0,77.0,Downtown
562798,1269,5,5,55,456.0,6616.0,10.26,7.7,0,1,62.0,Suburb
706136,1829,2,3,0,386.0,10551.0,13.44,7.3,0,0,78.0,Suburb
623384,654,4,3,2,377.0,8139.0,1.26,7.6,0,0,70.0,Downtown
774771,2138,5,5,40,560.0,7826.0,11.89,6.9,0,0,67.0,Suburb
800319,2215,1,1,49,391.0,4525.0,1.16,6.1,0,0,84.0,Downtown
728576,1662,4,5,74,439.0,8984.0,7.67,8.8,1,0,49.0,Suburb
456459,600,3,3,60,461.0,1500.0,1.43,7.0,0,1,62.0,Downtown
485782,1252,5,5,20,510.0,9845.0,21.99,4.3,0,0,85.0,Rural
891973,2478,3,2,65,297.0,7814.0,2.34,7.9,0,1,92.0,Downtown
177860,600,5,4,39,259.0,1500.0,26.8,6.5,0,1,97.0,Rural
592741,1609,1,1,66,330.0,5420.0,11.28,7.6,0,0,71.0,Suburb
602104,1151,1,1,13,346.0,7356.0,4.6,7.2,1,1,75.0,Midtown
831726,2243,5,5,2,551.0,6439.0,11.72,7.4,0,0,80.0,Suburb
669920,1429,3,2,4,238.0,7842.0,8.67,7.2,0,0,85.0,Suburb
475115,2022,3,4,79,241.0,4641.0,25.09,6.0,0,0,74.0,Rural
805256,2111,1,2,6,335.0,3608.0,4.86,5.9,1,1,81.0,Midtown
926951,2810,2,2,75,306.0,7533.0,3.15,7.7,1,0,76.0,Midtown
766535,1688,5,4,58,194.0,6445.0,1.08,4.3,1,0,76.0,Downtown
668327,2007,2,3,11,360.0,5877.0,12.8,9.4,0,0,59.0,Suburb
590916,983,3,4,69,128.0,8588.0,0.42,6.2,0,0,66.0,Downtown
788399,2455,2,1,11,202.0,5160.0,3.27,8.6,0,0,64.0,Midtown
649221,1382,2,1,11,477.0,6781.0,7.3,5.6,0,0,56.0,Midtown
656336,1492,1,1,46,499.0,6300.0,4.45,8.2,0,1,50.0,Midtown
666494,1788,5,5,23,274.0,2594.0,3.34,4.7,1,0,65.0,Midtown
444919,940,5,4,23,380.0,2170.0,11.34,6.6,0,0,67.0,Suburb
728322,1926,1,2,15,,6681.0,13.79,9.5,0,1,71.0,Suburb
942690,2332,2,2,48,529.0,12091.0,2.82,6.9,0,1,77.0,Midtown
777600,1961,3,3,2,291.0,8141.0,4.07,7.3,0,0,72.0,Midtown
207604,926,2,1,19,258.0,1500.0,14.17,6.2,0,0,67.0,Rural
734224,1732,4,5,44,571.0,1500.0,1.52,7.4,1,0,59.0,Downtown
816438,2208,2,1,38,270.0,8822.0,1.19,4.3,0,1,81.0,Downtown
495552,767,1,2,55,367.0,5020.0,2.29,4.4,0,0,69.0,Downtown
532021,1209,2,2,17,138.0,8644.0,15.51,7.0,0,0,65.0,Suburb
783656,2282,3,4,51,329.0,4877.0,7.88,6.0,0,0,,Midtown
708628,1949,1,1,60,81.0,7554.0,10.27,9.3,0,0,61.0,Suburb
816679,2027,5,4,31,293.0,8888.0,9.3,8.2,0,0,64.0,Suburb
998704,2823,1,2,20,381.0,6609.0,2.65,6.2,0,1,63.0,Midtown
730740,2058,1,2,44,274.0,5744.0,9.39,8.6,0,0,67.0,Suburb
789807,2162,3,3,46,312.0,6998.0,13.69,8.2,1,0,78.0,Suburb
1059281,3291,3,2,7,260.0,9646.0,6.58,6.6,0,1,75.0,Midtown
643728,1682,2,3,45,289.0,6323.0,4.82,6.7,0,0,89.0,Midtown
772768,1361,2,2,12,351.0,8408.0,5.92,6.6,1,0,85.0,Midtown
799791,2035,1,2,45,398.0,5627.0,1.28,6.9,0,0,93.0,Downtown
815850,2041,4,5,74,70.0,3468.0,1.24,4.7,1,1,77.0,Downtown
515429,1510,2,3,42,215.0,11094.0,18.25,6.0,1,0,77.0,Rural
573818,1232,1,2,60,299.0,4307.0,3.86,,0,1,64.0,Midtown
844021,3070,2,3,24,303.0,6603.0,6.17,6.4,0,0,80.0,Midtown
657564,1980,5,5,73,468.0,6551.0,13.13,8.2,0,0,,Suburb
568027,1397,2,1,65,347.0,6184.0,5.52,7.4,0,0,52.0,Midtown
510166,2304,5,5,73,383.0,6138.0,31.42,7.8,0,0,88.0,Rural
684756,1740,2,3,59,252.0,6384.0,9.07,8.5,1,0,55.0,Suburb
669194,1661,1,2,51,251.0,6234.0,3.39,9.4,0,1,75.0,Midtown
810843,2109,2,2,42,453.0,,5.37,9.3,0,0,59.0,Midtown
289803,1089,2,3,74,227.0,1500.0,19.75,7.3,0,0,84.0,Rural
767685,1994,1,1,67,272.0,11435.0,13.95,7.3,0,1,85.0,Suburb
800122,2852,3,3,33,372.0,7394.0,15.73,6.0,0,0,76.0,Rural
852975,2056,2,2,6,502.0,8259.0,1.81,6.2,0,0,85.0,Downtown
530167,1593,4,5,0,,2806.0,16.18,8.6,0,0,70.0,Suburb
671957,1521,3,2,18,465.0,4988.0,12.05,7.8,0,0,97.0,Suburb
763459,1574,3,2,5,498.0,,0.57,4.9,0,1,79.0,Downtown
762133,1660,3,3,16,342.0,10006.0,8.52,7.2,1,1,59.0,Midtown
490798,1592,1,1,8,255.0,4786.0,16.76,9.4,0,0,71.0,Suburb
856995,2304,4,4,78,346.0,9000.0,0.2,6.4,0,1,68.0,Downtown
479892,847,1,1,7,,3730.0,6.76,6.6,0,0,67.0,Midtown
758746,2274,4,5,50,488.0,5937.0,14.02,9.3,0,1,50.0,Suburb
714443,1591,5,5,28,448.0,5635.0,1.16,6.4,1,1,75.0,Midtown
863849,2007,4,3,13,413.0,9958.0,4.4,8.5,0,0,53.0,Midtown
410584,1180,3,2,56,215.0,1500.0,2.93,6.6,0,0,40.0,Midtown
818106,2531,2,1,77,199.0,4088.0,4.65,6.7,0,1,66.0,Midtown
586302,2485,5,4,63,677.0,2454.0,21.41,7.7,0,0,61.0,Rural
669430,2328,2,3,78,294.0,4415.0,12.85,8.8,1,0,60.0,Suburb
535604,967,3,2,47,257.0,3471.0,0.93,6.3,0,0,33.0,Downtown
609112,2256,4,3,53,557.0,3011.0,16.21,5.9,1,0,60.0,Rural
810982,2023,5,5,11,454.0,4932.0,8.44,8.1,0,0,68.0,Suburb
454892,917,5,5,68,489.0,1500.0,5.52,6.7,0,0,62.0,Midtown
543854,1787,1,1,59,263.0,3939.0,15.77,8.4,0,1,75.0,Suburb
895490,2000,5,4,20,382.0,9741.0,1.48,6.6,0,0,87.0,Downtown
516816,2106,1,1,28,260.0,7876.0,24.63,6.5,0,0,76.0,Rural
729796,1897,3,3,48,184.0,7085.0,12.03,8.3,0,0,82.0,Suburb
783140,1960,5,5,1,409.0,,4.84,9.2,0,0,83.0,Suburb
861631,2610,4,4,65,421.0,3632.0,1.49,4.4,0,0,58.0,Downtown
810216,2474,5,4,22,642.0,4461.0,9.74,9.5,0,0,75.0,Suburb
474893,600,2,2,5,325.0,4952.0,2.51,5.7,0,0,82.0,Downtown
747841,1625,2,2,26,35.0,8460.0,2.01,7.4,0,0,65.0,Downtown
752371,1709,2,2,66,304.0,8647.0,2.17,8.1,0,0,61.0,Downtown
464472,836,2,2,21,644.0,6920.0,13.19,6.9,0,0,76.0,Suburb
710008,1852,4,5,43,489.0,4719.0,1.9,5.3,0,1,52.0,Downtown
536706,2487,3,4,64,253.0,7386.0,29.35,8.3,0,0,57.0,Rural
577088,1202,4,3,2,456.0,4979.0,13.89,9.3,0,1,62.0,Suburb
736587,1985,3,3,60,261.0,6219.0,2.25,6.1,0,0,75.0,Downtown
670005,1296,2,3,23,153.0,10988.0,1.95,5.8,0,0,73.0,Downtown
570798,1430,1,1,55,,1651.0,0.48,7.2,0,0,82.0,Downtown
853352,2613,3,3,15,361.0,6889.0,10.83,7.6,0,0,59.0,Suburb
692620,1502,5,4,11,195.0,9172.0,9.77,8.2,0,0,58.0,Suburb
1307917,2054,5,4,63,282.0,3140.0,2.05,,0,1,76.0,Downtown
388407,771,2,3,64,316.0,3656.0,12.04,8.3,0,1,60.0,Suburb
943624,2824,3,4,78,301.0,6406.0,2.3,5.6,0,0,63.0,Downtown
677708,2131,4,5,54,432.0,6339.0,15.08,8.4,1,1,48.0,Suburb
303228,1700,4,3,37,239.0,2390.0,29.64,5.8,0,0,73.0,Rural
824678,2117,1,1,15,366.0,8369.0,8.88,8.6,0,0,88.0,Suburb
512794,1025,3,2,23,,7236.0,8.93,8.3,0,1,58.0,Suburb
839213,2450,1,1,51,477.0,8551.0,10.92,9.0,0,0,82.0,Suburb
725237,1622,1,1,27,74.0,4110.0,1.07,7.3,0,0,69.0,Downtown
744992,1688,4,5,38,254.0,6582.0,0.35,6.6,0,0,49.0,Downtown
625615,1530,1,2,13,330.0,3927.0,1.3,4.1,0,0,59.0,Downtown
616230,1481,2,1,35,515.0,5286.0,5.22,4.3,0,0,59.0,Midtown
811050,2182,3,4,19,388.0,12342.0,14.62,8.4,1,0,66.0,Suburb
672394,1941,4,3,8,453.0,6908.0,11.82,7.9,1,0,75.0,Suburb
706387,2158,3,2,10,352.0,3961.0,15.19,8.6,0,1,92.0,Suburb
739691,1795,1,1,41,,6945.0,3.21,6.8,0,1,53.0,Downtown
712784,2082,4,3,29,326.0,3459.0,11.93,9.7,0,0,64.0,Suburb
710749,1570,5,5,7,275.0,3226.0,1.52,5.9,1,0,59.0,Downtown
924232,3026,5,5,41,267.0,5368.0,3.18,5.3,0,0,55.0,Midtown
515473,938,4,3,13,433.0,4355.0,14.14,9.6,0,0,71.0,Suburb
683289,2494,3,3,1,215.0,9675.0,23.31,5.7,1,0,70.0,Rural
802665,2552,5,5,10,458.0,8848.0,13.56,6.9,1,0,48.0,Suburb
727624,1331,3,4,35,194.0,7245.0,2.4,5.4,0,1,70.0,Downtown
778449,3026,1,1,76,316.0,5224.0,14.28,8.2,1,0,56.0,Suburb
973793,2348,5,4,19,361.0,5804.0,2.29,9.0,0,0,70.0,Downtown
691587,2334,2,2,22,484.0,7821.0,14.56,6.7,0,0,85.0,Suburb
737139,1815,5,4,19,459.0,4947.0,12.18,9.2,1,1,76.0,Suburb
755409,1681,2,3,28,463.0,5661.0,1.46,6.2,0,0,72.0,Downtown
778141,1685,5,4,57,329.0,7465.0,2.05,7.1,0,1,64.0,Downtown
759593,2015,3,3,25,357.0,5886.0,2.59,4.6,0,1,71.0,Downtown
549013,2571,3,4,52,232.0,7990.0,21.2,6.0,0,0,77.0,Rural
777466,1900,2,1,71,265.0,10602.0,3.45,5.5,0,0,76.0,Midtown
577959,1299,5,4,75,389.0,5469.0,7.85,8.3,0,0,69.0,Suburb
789399,2253,1,2,45,193.0,9992.0,13.86,10.0,0,0,73.0,Suburb
842102,2307,3,3,57,204.0,8507.0,3.42,6.8,0,0,54.0,Midtown
755915,2160,2,1,73,145.0,3264.0,2.69,6.8,1,0,61.0,Downtown
557354,2210,3,2,62,69.0,4237.0,15.81,6.0,0,1,78.0,Rural
693372,1651,2,3,23,188.0,4237.0,6.41,9.4,0,0,80.0,Midtown
680108,1289,4,5,10,460.0,3750.0,4.86,7.2,0,0,71.0,Midtown
584327,1322,2,2,9,123.0,5701.0,9.79,8.0,0,0,88.0,Suburb
497781,900,1,1,70,116.0,6957.0,8.03,7.7,0,0,76.0,Suburb
417808,1930,1,2,44,,9794.0,28.5,6.3,1,0,67.0,Rural
768853,1754,4,3,23,309.0,7215.0,1.8,8.3,1,0,55.0,Downtown
692840,1558,2,1,27,354.0,5095.0,2.81,6.4,0,0,87.0,Midtown
431318,600,2,3,22,392.0,1500.0,3.4,7.0,1,0,79.0,Midtown
403029,1114,4,3,64,465.0,5853.0,7.04,8.1,0,0,92.0,Midtown
975212,2416,2,3,48,132.0,7304.0,1.39,7.8,0,1,96.0,Downtown
689546,1434,2,2,70,287.0,6518.0,1.59,,0,0,55.0,Downtown
865293,1998,2,3,24,121.0,12003.0,3.75,7.9,0,1,55.0,Midtown
545909,1035,2,1,37,609.0,8683.0,6.14,6.4,1,0,36.0,Midtown
930857,2591,4,5,9,,9412.0,3.46,,0,1,81.0,Midtown
623187,1721,3,2,77,,4000.0,7.77,6.6,0,0,78.0,Suburb
661049,1960,5,4,40,295.0,5410.0,8.61,8.0,0,0,71.0,Suburb
993264,3079,4,5,44,205.0,7798.0,8.49,5.2,0,0,55.0,Midtown
874272,2634,1,1,33,442.0,5562.0,5.95,6.8,0,1,69.0,Midtown
787411,1631,2,3,21,606.0,7548.0,1.64,5.7,1,0,72.0,Downtown
634939,1474,2,1,75,258.0,7001.0,6.03,,0,0,79.0,Midtown
639531,1621,3,2,39,192.0,3564.0,8.21,7.8,0,1,73.0,Midtown
818381,2080,2,2,53,47.0,9828.0,1.87,7.0,0,0,78.0,Downtown
820797,1742,5,5,2,391.0,6686.0,3.74,6.0,0,0,69.0,Midtown
669220,1583,2,2,22,277.0,1917.0,4.64,,0,1,84.0,Midtown
926715,2607,3,4,64,272.0,7340.0,1.6,6.8,0,0,78.0,Downtown
694804,1737,1,2,7,307.0,7127.0,4.5,6.3,0,1,56.0,Midtown
1190580,3065,5,5,8,467.0,,3.04,8.2,0,1,87.0,Midtown
624647,1850,5,5,64,459.0,5716.0,11.94,8.3,0,1,85.0,Suburb
912220,2782,4,5,24,347.0,9748.0,15.35,7.4,0,1,76.0,Suburb
743109,1997,2,2,21,183.0,7204.0,9.51,8.4,0,0,73.0,Suburb
708999,2330,1,2,45,360.0,3848.0,6.57,6.2,0,0,90.0,Midtown
568149,1401,4,4,15,387.0,2483.0,10.94,8.1,0,0,50.0,Suburb
744931,1330,3,3,3,,8742.0,3.53,7.8,0,1,85.0,Midtown
876259,2053,5,5,0,515.0,9794.0,2.98,7.5,0,0,64.0,Midtown
896968,2344,4,4,6,214.0,7960.0,9.66,7.9,0,1,83.0,Suburb
761761,1822,3,4,12,178.0,10266.0,3.86,7.2,0,0,71.0,Midtown
661441,1092,5,5,55,329.0,8292.0,5.31,7.4,1,0,55.0,Midtown
550333,1052,5,5,23,293.0,7311.0,10.39,8.8,1,0,64.0,Suburb
1175899,1015,3,2,5,441.0,3280.0,7.09,7.6,0,1,82.0,Suburb
396883,828,1,1,1,322.0,9662.0,17.03,,0,0,67.0,Rural
674385,1860,1,1,38,412.0,7913.0,5.28,5.7,0,0,63.0,Midtown
793742,2419,3,2,67,398.0,6278.0,7.16,7.3,0,0,62.0,Midtown
635026,1793,3,2,27,375.0,4821.0,9.8,6.6,0,0,78.0,Suburb
550161,600,1,1,5,424.0,5702.0,3.91,6.9,0,1,91.0,Midtown
544522,1695,1,2,18,336.0,2196.0,13.03,9.0,0,0,44.0,Suburb
788661,1710,4,4,39,393.0,8141.0,4.71,7.7,0,0,98.0,Midtown
1013904,2953,4,4,15,563.0,5500.0,1.93,4.8,0,0,72.0,Downtown
548700,999,1,1,78,294.0,6465.0,0.21,7.2,0,0,77.0,Downtown
545935,1585,3,4,61,313.0,4938.0,13.59,8.7,0,0,65.0,Suburb
909876,2738,1,1,27,179.0,6965.0,1.96,4.9,0,0,70.0,Downtown
730641,2047,4,5,76,469.0,4904.0,5.54,7.5,0,0,72.0,Midtown
843654,2110,5,5,26,568.0,6469.0,5.2,5.8,0,0,57.0,Midtown
923734,1863,5,5,11,414.0,11299.0,0.22,6.4,1,0,60.0,Downtown
784893,1981,3,2,75,507.0,10180.0,7.93,7.2,0,1,84.0,Midtown
668059,2228,4,3,76,149.0,7900.0,12.13,8.2,1,0,51.0,Suburb
790093,1355,5,4,25,413.0,5903.0,2.23,7.9,1,0,75.0,Downtown
733488,2283,4,5,47,380.0,9190.0,15.83,8.7,0,0,66.0,Suburb
551063,1045,3,2,13,,8419.0,7.72,7.5,0,1,58.0,Suburb
810304,1981,4,5,51,671.0,4643.0,7.78,7.0,0,0,94.0,Midtown
811776,1898,3,2,55,342.0,6424.0,0.23,7.5,0,1,59.0,Downtown
528903,1461,5,4,56,,1538.0,12.95,8.0,0,1,56.0,Suburb
779527,1788,3,2,45,353.0,9293.0,1.36,,0,1,68.0,Downtown
741698,1458,5,5,56,180.0,11252.0,4.94,8.8,0,1,61.0,Midtown
440974,1211,1,1,44,189.0,5993.0,11.66,8.3,0,0,70.0,Rural
284903,1606,1,1,65,398.0,1500.0,27.19,6.6,0,1,72.0,Rural
584468,1193,1,1,14,205.0,7294.0,14.03,10.0,0,1,73.0,Suburb
716335,1978,3,3,38,251.0,4453.0,4.71,7.3,0,0,69.0,Midtown
629667,1167,4,4,33,542.0,4082.0,5.42,7.7,0,0,62.0,Suburb
782737,2192,2,2,42,476.0,8537.0,7.38,,0,1,78.0,Suburb
530018,1150,1,1,11,342.0,6356.0,4.67,5.8,0,0,69.0,Midtown
590019,1489,5,4,25,365.0,4907.0,8.72,7.9,0,1,64.0,Suburb
605645,1456,4,4,76,356.0,4463.0,2.84,6.4,0,0,88.0,Downtown
975857,2529,4,3,8,289.0,7689.0,2.35,6.2,1,1,69.0,Downtown
707828,1982,3,3,50,231.0,5695.0,7.17,7.0,0,0,83.0,Midtown
723027,1684,3,2,53,225.0,3588.0,1.44,6.2,0,1,85.0,Downtown
815913,2074,1,2,37,206.0,5997.0,1.58,6.1,1,0,85.0,Downtown
413578,641,1,1,2,156.0,5958.0,16.78,8.3,0,1,78.0,Suburb
538675,1776,5,4,2,232.0,6026.0,23.61,,1,0,70.0,Rural
846895,2899,2,2,22,341.0,4285.0,7.14,4.8,0,0,69.0,Midtown
726651,1873,4,3,8,413.0,9060.0,11.2,8.6,0,0,67.0,Suburb
515494,1837,4,4,7,589.0,1500.0,16.16,3.8,0,0,44.0,Rural
771506,2101,2,1,12,,5745.0,2.41,6.3,0,1,79.0,Downtown
870447,2293,2,1,15,,5541.0,2.2,8.2,1,0,73.0,Midtown
508137,701,4,5,67,423.0,5552.0,5.84,8.4,0,0,80.0,Midtown
583689,875,1,2,51,250.0,6794.0,1.1,5.7,0,1,69.0,Downtown
705804,1916,3,2,2,439.0,9456.0,14.29,6.6,0,0,78.0,Suburb
668486,1407,5,5,50,513.0,4247.0,2.63,7.2,1,0,53.0,Midtown
903702,2522,4,5,10,424.0,8833.0,7.41,7.8,0,0,56.0,Midtown
790886,1627,4,4,33,354.0,6782.0,2.55,8.0,0,0,40.0,Downtown
498873,736,1,1,3,237.0,1500.0,1.36,5.3,1,1,68.0,Downtown
428407,1103,1,2,7,116.0,10415.0,23.04,6.6,0,0,61.0,Rural
466370,600,2,2,10,218.0,1500.0,0.2,7.6,0,0,59.0,Downtown
752033,1671,2,2,34,240.0,7394.0,1.9,7.6,0,0,74.0,Downtown
710748,1696,1,1,37,,7350.0,3.33,9.1,0,1,65.0,Midtown
722775,1567,5,5,28,473.0,6909.0,6.11,7.2,0,0,53.0,Midtown
823257,2393,1,2,49,424.0,5975.0,4.01,7.5,0,1,98.0,Midtown
900535,2459,4,3,57,276.0,9359.0,3.18,6.2,1,0,70.0,Midtown
664995,1706,3,3,58,384.0,2486.0,0.2,7.0,0,0,57.0,Downtown
521150,626,4,5,46,261.0,4927.0,2.15,4.3,0,1,62.0,Downtown
605613,2140,2,1,43,278.0,5498.0,19.97,8.9,0,0,68.0,Suburb
719276,2105,2,3,39,232.0,5173.0,7.77,7.8,0,0,68.0,Suburb
775685,1970,4,5,19,457.0,7776.0,10.25,7.8,0,0,86.0,Suburb
874565,2340,2,3,38,234.0,9842.0,10.48,8.5,0,1,69.0,Suburb
526827,1159,4,3,0,506.0,4873.0,18.12,8.1,0,0,92.0,Suburb
1074750,2905,1,1,77,251.0,9778.0,2.63,6.6,1,0,65.0,Downtown
582362,1272,1,1,29,202.0,5991.0,5.11,7.0,0,0,75.0,Midtown
828271,2212,4,4,60,235.0,4763.0,5.71,7.9,0,1,82.0,Midtown
515862,872,4,5,76,415.0,4742.0,2.81,7.3,0,0,84.0,Midtown
523734,1288,1,1,39,387.0,5137.0,15.71,8.3,0,0,86.0,Suburb
855292,2634,5,5,68,453.0,5759.0,3.92,7.5,0,0,67.0,Midtown
662636,1657,1,2,38,549.0,7400.0,10.65,7.0,1,0,70.0,Suburb
784708,2262,5,5,10,592.0,7641.0,12.58,8.4,0,0,,Suburb
750304,1930,4,5,2,348.0,2679.0,6.06,6.3,0,1,68.0,Midtown
451215,1742,5,5,10,382.0,2302.0,24.42,7.7,0,0,83.0,Rural
877759,2550,5,5,75,476.0,8462.0,2.63,6.7,0,0,81.0,Midtown
915087,1670,2,1,38,214.0,4306.0,11.44,7.6,0,0,69.0,Suburb
629464,821,4,4,25,525.0,6080.0,4.74,7.5,0,0,90.0,Midtown
670017,1358,2,2,35,358.0,7922.0,2.82,7.6,0,0,65.0,Midtown
706831,2103,3,2,20,381.0,3686.0,4.09,8.2,0,0,61.0,Midtown
751420,2018,2,2,69,397.0,3233.0,2.03,7.0,0,0,64.0,Downtown
544655,938,3,3,79,557.0,9652.0,4.41,,0,1,57.0,Midtown
405883,1402,5,5,6,441.0,6901.0,29.41,5.2,0,0,77.0,Rural
527733,1480,3,2,57,336.0,5068.0,15.46,8.1,0,0,73.0,Suburb
718440,1599,1,1,26,461.0,3924.0,2.22,6.7,0,1,77.0,Downtown
597079,1043,2,1,3,431.0,4315.0,5.73,7.0,0,0,65.0,Midtown
581468,1454,4,4,73,346.0,3108.0,2.25,5.1,0,0,69.0,Downtown
732915,1399,3,2,4,351.0,8227.0,1.38,6.3,0,0,44.0,Downtown
318014,2224,3,3,16,373.0,5067.0,24.06,5.7,0,1,75.0,Rural
848987,2245,3,4,2,393.0,9768.0,6.82,7.2,0,0,71.0,Midtown
655368,1720,2,3,37,152.0,5402.0,4.1,6.3,1,0,57.0,Midtown
638710,1584,3,2,47,165.0,3632.0,6.15,9.1,1,0,69.0,Midtown
858870,1877,4,5,25,279.0,5527.0,0.56,8.0,1,0,67.0,Downtown
546539,1351,5,4,5,304.0,1500.0,7.24,6.7,0,0,91.0,Midtown
522613,1169,4,3,9,308.0,5441.0,14.83,7.9,0,0,57.0,Suburb
509174,1283,5,4,74,496.0,5454.0,14.75,10.0,0,1,74.0,Suburb
463746,1451,5,4,64,400.0,8143.0,23.98,6.3,0,1,57.0,Rural
401905,1160,1,2,74,304.0,1500.0,12.4,7.7,1,0,63.0,Suburb
797274,1889,2,1,42,168.0,9511.0,4.73,6.3,0,0,73.0,Midtown
761782,2201,2,3,43,260.0,9033.0,12.91,8.9,0,0,67.0,Suburb
236600,927,1,1,62,350.0,8583.0,29.14,7.6,1,0,70.0,Rural
373401,1814,1,1,49,351.0,6385.0,12.61,8.8,0,0,74.0,Suburb
473897,1679,4,4,34,298.0,8890.0,25.82,7.2,0,0,64.0,Rural
707782,1988,2,1,23,334.0,3047.0,7.12,9.6,0,1,81.0,Suburb
689188,1793,1,1,38,544.0,8274.0,11.61,8.0,0,0,66.0,Suburb
573247,1001,2,2,5,313.0,3613.0,1.88,,1,0,69.0,Downtown
477507,1106,2,2,15,232.0,1539.0,12.83,6.4,0,1,74.0,Suburb
682559,1816,1,1,58,259.0,3709.0,3.06,7.2,0,0,73.0,Midtown
780246,2366,1,2,69,291.0,7193.0,5.19,6.1,0,1,78.0,Midtown
507836,600,4,4,8,367.0,2999.0,12.38,8.7,1,1,74.0,Suburb
653627,1990,5,4,7,416.0,7668.0,16.23,5.8,1,0,76.0,Rural
621627,2454,3,3,6,177.0,2764.0,19.44,5.9,1,0,66.0,Rural
562847,1716,4,3,63,269.0,1500.0,4.36,6.7,1,0,57.0,Midtown
861265,2103,5,5,24,402.0,10295.0,13.09,8.1,0,1,53.0,Suburb
645650,1413,5,5,26,400.0,8295.0,3.31,8.0,0,0,50.0,Suburb
670673,1734,1,1,0,212.0,3798.0,6.09,7.4,1,1,91.0,Midtown
524710,908,5,5,77,399.0,5422.0,2.08,5.6,0,0,43.0,Downtown
600878,600,1,2,34,287.0,7609.0,1.39,7.1,0,1,84.0,Downtown
720714,2319,1,1,63,387.0,8171.0,13.12,7.1,0,0,,Suburb
1097587,1258,3,2,56,338.0,6220.0,7.64,6.6,0,1,84.0,Midtown
568857,1549,4,5,11,433.0,8937.0,17.3,5.4,0,0,44.0,Rural
485706,1037,1,2,64,215.0,3758.0,7.95,8.3,1,0,,Midtown
324687,1025,2,3,44,384.0,5648.0,24.26,6.0,0,1,87.0,Rural
783838,1704,2,3,48,360.0,6340.0,2.29,9.0,0,0,79.0,Midtown
589290,1399,2,3,16,419.0,5337.0,10.1,9.0,0,0,66.0,Suburb
764944,2008,5,5,67,506.0,5775.0,0.76,5.0,0,1,47.0,Downtown
702376,2049,2,1,74,386.0,6981.0,7.24,5.7,0,1,54.0,Midtown
672918,1976,2,2,32,303.0,6797.0,16.14,8.0,0,0,87.0,Suburb
404317,1931,1,1,7,309.0,4036.0,26.46,5.7,0,0,66.0,Rural
451190,2668,1,1,67,408.0,,9.14,7.2,0,0,69.0,Suburb
506290,1213,1,2,70,202.0,3355.0,1.61,,0,0,73.0,Downtown
702058,1770,3,4,40,275.0,5918.0,4.62,7.5,0,0,54.0,Midtown
879325,2423,3,3,46,372.0,6509.0,2.65,5.4,0,0,75.0,Downtown
966866,2495,3,4,17,,8229.0,1.75,7.3,0,0,65.0,Downtown
484479,1018,5,4,5,321.0,1500.0,13.28,6.8,0,0,74.0,Suburb
648665,1628,3,2,75,341.0,8521.0,8.74,7.7,0,1,63.0,Suburb
725600,2547,1,2,38,269.0,5704.0,13.9,7.7,1,0,51.0,Suburb
723313,2079,2,2,21,49.0,9885.0,16.14,10.0,0,0,65.0,Suburb
624270,1907,2,2,55,289.0,5433.0,16.89,7.6,0,1,78.0,Suburb
697743,1680,5,5,2,401.0,6234.0,14.13,6.3,0,1,75.0,Suburb
811055,1589,2,1,6,296.0,11031.0,2.06,6.9,0,0,70.0,Downtown
737264,1959,1,2,19,450.0,5997.0,1.7,4.4,0,1,81.0,Downtown
536198,1661,4,5,36,239.0,9430.0,18.42,8.9,0,0,68.0,Suburb
747649,1777,3,4,29,251.0,6570.0,9.39,10.0,0,0,,Suburb
788450,1843,1,1,14,0.0,7590.0,2.94,,0,0,64.0,Downtown
711407,1427,4,4,28,327.0,6227.0,4.5,7.4,1,0,81.0,Midtown
735586,2093,2,3,26,268.0,8971.0,13.85,7.4,0,0,73.0,Suburb
1224693,3403,5,5,41,359.0,6710.0,0.49,6.7,1,0,63.0,Downtown
569270,823,5,5,45,,2867.0,6.84,7.7,1,1,52.0,Midtown
681087,1978,2,1,70,418.0,5117.0,9.03,7.6,0,0,83.0,Suburb
465992,1382,3,3,64,359.0,6248.0,15.67,7.8,0,0,61.0,Suburb
816300,2118,3,3,23,306.0,6330.0,0.73,6.7,0,0,71.0,Downtown
613831,1826,4,4,72,508.0,8307.0,11.41,7.8,0,0,98.0,Suburb
873682,2219,1,1,41,278.0,10265.0,4.87,8.6,0,1,80.0,Midtown
797189,2447,2,1,15,217.0,4837.0,15.11,8.9,0,1,89.0,Suburb
737077,1906,1,2,27,74.0,4792.0,4.05,6.5,0,1,64.0,Midtown
848872,2423,4,4,59,332.0,3657.0,6.26,8.4,0,1,83.0,Midtown
468774,600,1,1,65,371.0,10136.0,4.94,6.7,0,0,70.0,Midtown
917889,2675,3,3,29,623.0,8312.0,3.43,6.8,0,0,74.0,Midtown
641816,2006,4,4,12,392.0,7947.0,24.08,8.3,1,0,94.0,Suburb
904656,2393,5,5,15,328.0,3861.0,1.27,6.7,0,1,67.0,Downtown
590471,1129,2,1,8,173.0,5692.0,1.14,5.9,0,0,70.0,Downtown
634684,1343,1,2,55,346.0,7225.0,5.5,6.7,0,0,59.0,Midtown
680966,1880,4,3,40,173.0,5964.0,10.09,9.5,1,0,81.0,Suburb
636355,1791,1,1,36,346.0,9178.0,11.36,7.5,0,0,63.0,Suburb
400052,1956,1,1,53,378.0,12467.0,27.38,5.3,0,0,82.0,Rural
864896,2396,5,5,66,472.0,4848.0,4.74,9.0,1,0,50.0,Midtown
496328,829,5,4,63,394.0,2780.0,5.57,8.7,0,0,77.0,Midtown
861973,2336,4,4,10,453.0,4949.0,1.27,5.4,0,0,62.0,Downtown
795539,1805,5,4,47,441.0,10521.0,3.01,7.1,0,1,79.0,Midtown
482851,1688,1,1,70,187.0,8971.0,18.2,,0,1,70.0,Rural
380768,991,1,2,61,502.0,,16.01,8.4,0,0,64.0,Suburb
792755,2077,2,3,26,273.0,6924.0,4.72,7.8,0,1,65.0,Midtown
479058,600,1,1,31,373.0,3019.0,4.79,8.0,0,1,60.0,Midtown
564641,2157,5,5,71,130.0,9153.0,24.58,7.0,0,0,80.0,Rural
556750,979,1,1,2,433.0,4565.0,5.52,7.1,0,1,57.0,Midtown
779450,1829,3,2,42,,5885.0,2.41,6.0,1,1,67.0,Downtown
774468,1734,5,5,9,424.0,7943.0,5.84,8.5,0,0,74.0,Midtown
927839,2443,4,3,71,452.0,6802.0,1.31,9.3,0,0,89.0,Downtown
834917,1702,2,3,3,382.0,5795.0,1.35,5.2,0,0,70.0,Downtown
705245,1418,3,3,1,273.0,6068.0,1.6,6.3,0,0,67.0,Downtown
714385,1521,3,2,26,416.0,8154.0,5.28,6.3,0,1,73.0,Midtown
801347,2500,4,4,16,288.0,11456.0,14.18,8.5,0,0,45.0,Suburb
690333,2095,3,4,39,277.0,8318.0,4.83,7.5,0,0,56.0,Midtown
688886,1588,2,1,23,450.0,8254.0,5.29,7.7,0,1,65.0,Midtown
710385,1670,4,5,28,502.0,5844.0,6.02,4.1,0,1,61.0,Rural
512097,938,5,5,45,335.0,3696.0,7.94,8.9,0,0,51.0,Suburb
876285,2014,3,3,44,262.0,8392.0,2.89,7.4,0,1,80.0,Midtown
432728,832,1,2,74,203.0,5767.0,5.91,6.3,0,0,73.0,Midtown
572793,2213,3,3,38,,3439.0,14.77,8.4,0,0,72.0,Suburb
724565,1871,5,4,45,300.0,5765.0,2.16,5.5,0,0,62.0,Downtown
1033256,3113,5,5,54,463.0,7868.0,5.53,6.5,0,1,71.0,Midtown
445910,1195,3,2,13,440.0,4498.0,16.85,7.8,0,0,76.0,Rural
697285,1744,1,1,53,269.0,10137.0,5.77,7.6,0,0,67.0,Midtown
845110,2789,3,4,68,471.0,8886.0,15.75,9.8,1,0,75.0,Suburb
992124,2455,5,5,25,383.0,10719.0,3.8,7.0,0,1,60.0,Midtown
597141,1417,5,5,14,394.0,6699.0,14.58,8.2,0,0,71.0,Suburb
734594,1923,1,1,27,,6851.0,4.19,,0,0,84.0,Midtown
775260,1801,2,1,22,437.0,4160.0,1.4,7.1,0,1,85.0,Downtown
730831,1955,3,2,46,258.0,6716.0,5.22,5.7,0,1,86.0,Midtown
609249,1416,1,1,69,322.0,6072.0,2.12,7.5,0,0,73.0,Downtown
610522,1751,5,4,47,411.0,3023.0,9.11,7.7,0,0,70.0,Suburb
546195,921,1,1,10,154.0,4096.0,4.47,6.9,0,0,65.0,Midtown
758099,1874,4,4,25,312.0,5781.0,8.76,8.9,0,0,48.0,Midtown
796735,2048,5,5,55,586.0,7831.0,8.85,8.3,0,0,54.0,Suburb
639330,1675,4,3,26,409.0,7503.0,14.03,8.7,0,1,68.0,Suburb
465789,912,4,5,46,264.0,3981.0,9.94,9.3,0,0,69.0,Midtown
889319,2344,2,2,55,352.0,8325.0,5.63,7.6,0,1,87.0,Midtown
566322,2000,5,5,26,402.0,6285.0,24.6,5.2,0,0,86.0,Rural
477527,1401,3,3,51,764.0,1500.0,15.18,8.3,0,1,62.0,Suburb
545491,1646,1,1,31,314.0,5103.0,13.43,7.3,0,0,80.0,Suburb
293202,975,2,3,10,269.0,8207.0,23.84,6.4,0,0,64.0,Rural
528143,1236,2,1,29,485.0,1619.0,8.14,6.9,1,0,78.0,Suburb
734467,1504,3,2,35,,6427.0,1.18,5.8,0,0,80.0,Downtown
879598,2476,2,3,0,326.0,11274.0,7.41,5.8,0,0,85.0,Midtown
657158,1448,3,3,71,589.0,4176.0,1.03,9.6,0,0,64.0,Downtown
790139,2152,3,4,42,336.0,6928.0,13.33,8.4,0,1,82.0,Suburb
348409,1504,2,2,2,107.0,2885.0,23.24,9.0,0,0,48.0,Rural
845692,1936,4,3,69,337.0,10731.0,4.33,6.3,0,0,86.0,Midtown
658300,1722,2,1,68,490.0,6198.0,5.92,8.3,0,0,70.0,Midtown
942296,2280,4,4,0,430.0,7193.0,0.67,7.4,0,1,70.0,Downtown
417574,1506,2,1,13,214.0,9533.0,24.11,6.8,0,0,46.0,Rural
632758,935,5,5,29,338.0,7116.0,2.73,6.8,0,0,65.0,Downtown
596012,1040,2,1,40,248.0,3399.0,2.97,7.7,0,0,86.0,Downtown
684278,1507,1,2,58,323.0,4530.0,0.34,8.0,0,0,65.0,Downtown
692983,1113,1,1,33,441.0,6913.0,1.25,6.8,1,0,79.0,Downtown
800780,2026,5,4,48,546.0,5211.0,5.21,9.4,0,0,70.0,Midtown
666373,1544,5,4,0,475.0,1500.0,3.12,8.1,0,0,,Midtown
957484,3106,2,1,52,155.0,7934.0,4.86,7.1,0,1,,Midtown
443956,844,4,4,73,226.0,1652.0,1.05,5.6,0,0,59.0,Downtown
883025,1912,3,2,42,414.0,10675.0,1.55,6.4,0,0,71.0,Downtown
611174,1180,1,1,36,119.0,6198.0,5.51,8.4,0,0,,Midtown
715155,1529,3,3,23,323.0,3912.0,2.63,7.5,0,1,76.0,Downtown
562942,1878,4,3,76,,4847.0,15.23,7.6,0,1,69.0,Suburb
556041,600,5,4,2,283.0,1500.0,1.97,5.9,0,0,97.0,Downtown
805901,1930,5,4,22,297.0,3907.0,5.25,7.5,1,1,84.0,Midtown
999240,2847,1,1,11,269.0,10297.0,2.95,7.3,1,0,80.0,Midtown
710852,1551,2,1,69,375.0,11781.0,7.69,6.9,0,0,74.0,Midtown
803563,1943,3,2,38,477.0,8488.0,2.43,6.4,0,0,79.0,Downtown
861558,2364,1,1,73,353.0,6947.0,0.21,6.4,1,1,79.0,Downtown
573588,1710,3,2,53,359.0,5312.0,11.02,8.2,0,0,44.0,Suburb
572600,1480,1,1,44,190.0,3725.0,0.66,5.6,0,0,75.0,Downtown
487584,600,1,1,41,151.0,10209.0,7.32,5.7,1,0,68.0,Midtown
708122,2153,1,1,16,219.0,6452.0,7.08,6.5,0,0,64.0,Midtown
760497,1738,2,1,44,364.0,11715.0,5.67,7.3,1,1,,Midtown
615654,1243,4,3,54,425.0,9315.0,4.84,7.8,0,0,51.0,Midtown
529088,1870,1,1,77,28.0,2232.0,11.41,9.4,1,1,48.0,Suburb
517819,1479,5,4,43,326.0,4450.0,17.51,9.0,0,0,85.0,Suburb
617915,1509,2,2,75,460.0,4478.0,4.71,6.9,0,1,,Midtown
692571,2133,1,2,75,290.0,6700.0,5.51,6.3,0,1,41.0,Midtown
599083,1064,2,2,41,145.0,5466.0,0.2,7.8,0,0,63.0,Downtown
1042295,2376,4,3,35,668.0,14682.0,5.38,6.9,0,0,81.0,Midtown
483010,1031,1,2,11,277.0,2884.0,11.62,9.6,1,0,67.0,Suburb
741157,1436,1,1,21,326.0,6636.0,0.48,5.9,1,0,85.0,Downtown
1040094,2858,5,4,70,468.0,9311.0,4.07,7.8,1,0,83.0,Midtown
678347,2420,3,2,11,306.0,7240.0,18.88,7.7,0,1,54.0,Rural
773161,1854,2,3,31,228.0,6840.0,2.7,6.4,0,0,68.0,Downtown
598626,1283,4,5,55,640.0,3268.0,4.14,7.6,0,0,,Midtown
642483,1509,5,5,19,540.0,6417.0,13.8,9.4,0,0,53.0,Suburb
742279,1840,2,2,77,414.0,,2.1,9.7,0,0,53.0,Downtown
746251,1821,3,3,51,419.0,7344.0,0.57,6.0,0,0,60.0,Downtown
767728,1750,1,1,2,160.0,7866.0,1.35,7.0,0,0,62.0,Downtown
577034,1783,2,2,19,468.0,10011.0,12.68,5.9,0,1,73.0,Rural
824271,1682,3,4,59,249.0,8701.0,1.4,7.1,0,0,83.0,Downtown
624871,1007,1,2,69,314.0,5727.0,2.09,7.5,0,0,76.0,Downtown
648238,1516,5,4,74,,,1.89,5.8,0,0,79.0,Downtown
868681,2303,5,5,68,175.0,5604.0,0.98,6.4,0,0,67.0,Downtown
555727,1047,2,3,5,353.0,5047.0,12.15,6.8,1,0,77.0,Suburb
643184,1696,2,2,58,218.0,7006.0,2.54,5.1,0,0,68.0,Downtown
625860,1349,1,1,8,41.0,4763.0,6.11,6.8,1,0,65.0,Midtown
770530,1861,3,4,6,415.0,4234.0,5.81,6.2,1,1,93.0,Midtown
573972,1586,1,1,55,534.0,3273.0,9.54,6.6,0,0,42.0,Suburb
861114,2613,2,2,38,482.0,3348.0,1.46,8.6,0,0,48.0,Downtown
766253,2079,3,3,51,319.0,6247.0,10.94,9.4,0,1,75.0,Suburb
454558,1079,4,3,68,386.0,1961.0,8.63,8.0,0,1,67.0,Suburb
937976,2169,3,3,5,457.0,4441.0,0.96,8.5,0,0,53.0,Downtown
540751,1374,2,2,42,,5004.0,9.25,7.5,0,1,57.0,Suburb
550572,1483,4,5,66,344.0,2780.0,15.81,7.4,1,1,59.0,Suburb
819886,1973,4,3,35,389.0,7657.0,4.55,7.5,0,0,81.0,Midtown
522570,1530,4,3,41,421.0,8027.0,18.69,6.2,0,0,85.0,Rural
882704,2291,3,3,39,416.0,5716.0,5.27,9.4,1,0,90.0,Midtown
567704,1374,5,5,72,404.0,4896.0,8.99,8.3,1,0,51.0,Suburb
473087,1460,2,2,3,301.0,7436.0,14.94,8.9,0,1,54.0,Rural
647050,1439,5,5,70,586.0,4282.0,2.78,5.7,0,0,53.0,Midtown
578659,1489,2,3,65,460.0,4170.0,8.7,7.8,1,0,85.0,Suburb
914360,2405,2,2,65,372.0,10217.0,4.44,9.0,0,0,75.0,Midtown
770227,2146,3,2,32,556.0,9126.0,14.51,7.7,1,0,71.0,Suburb
907307,2740,3,4,41,304.0,9132.0,13.58,7.2,0,1,73.0,Suburb
1145561,3047,4,4,29,580.0,10311.0,2.54,8.9,0,0,69.0,Downtown
443751,1233,2,1,20,380.0,1500.0,4.9,8.4,0,0,57.0,Midtown
798879,1839,5,5,70,800.0,9931.0,5.87,5.9,0,0,76.0,Midtown
628763,1153,2,3,40,172.0,6704.0,2.03,6.4,0,1,68.0,Downtown
726088,1372,3,3,57,267.0,8513.0,1.52,6.1,0,1,56.0,Downtown
754561,1453,5,5,8,470.0,7052.0,5.17,7.5,0,0,77.0,Midtown
641726,1219,3,3,63,398.0,5925.0,1.48,6.5,0,0,65.0,Downtown
635196,1221,4,5,52,619.0,5117.0,2.13,5.0,0,0,73.0,Downtown
616152,1721,5,5,79,340.0,7323.0,9.98,7.4,0,0,69.0,Suburb
547510,1131,5,4,10,,4918.0,12.31,7.5,0,0,81.0,Suburb
690906,2263,3,3,43,489.0,9225.0,13.36,,0,0,73.0,Suburb
523625,1295,3,3,40,435.0,1928.0,6.59,7.3,0,1,59.0,Midtown
843411,3345,1,1,43,165.0,7000.0,12.74,9.2,0,0,74.0,Suburb
737057,1552,3,4,4,519.0,11314.0,3.98,6.9,0,0,74.0,Midtown
822686,1840,5,4,37,568.0,4983.0,1.39,6.8,0,1,76.0,Downtown
644569,1088,3,3,23,422.0,5049.0,1.33,5.5,0,0,82.0,Downtown
838042,2738,2,1,49,340.0,5419.0,10.72,8.9,1,1,63.0,Suburb
926128,2416,1,1,18,307.0,8079.0,0.58,7.9,1,0,78.0,Downtown
639454,1963,2,3,34,306.0,4855.0,7.76,5.4,0,1,49.0,Midtown
254477,1059,2,1,49,392.0,5147.0,22.86,5.0,0,0,69.0,Rural
853083,1916,5,4,5,424.0,8761.0,2.3,5.9,0,1,67.0,Downtown
620086,1183,3,4,62,248.0,4013.0,1.48,6.3,0,1,87.0,Downtown
647949,2604,1,2,57,154.0,9436.0,12.61,5.9,0,0,68.0,Rural
878936,2245,1,1,4,190.0,9090.0,1.49,6.9,0,0,77.0,Midtown
872716,1852,5,4,5,447.0,9200.0,2.59,7.9,1,0,49.0,Downtown
472761,600,5,5,68,417.0,5411.0,10.76,9.3,1,0,66.0,Suburb
696263,1259,4,5,22,411.0,13954.0,12.67,7.8,0,1,60.0,Suburb
792730,2178,1,2,68,340.0,9590.0,5.64,6.0,0,0,98.0,Midtown
753105,2467,1,1,39,205.0,8113.0,15.93,7.6,0,1,62.0,Suburb
712694,2410,1,1,27,456.0,5042.0,4.25,6.4,0,0,71.0,Midtown
600190,924,4,5,21,353.0,5206.0,1.31,5.6,0,0,72.0,Downtown
850441,1966,4,3,52,333.0,10265.0,4.29,8.4,0,1,51.0,Midtown
973985,2359,5,4,8,478.0,11445.0,3.55,7.7,0,0,64.0,Midtown
493441,888,1,2,32,60.0,9101.0,15.94,8.5,0,0,75.0,Suburb
700002,1796,1,1,27,185.0,8458.0,11.39,7.4,0,0,71.0,Suburb
797873,1951,5,4,12,538.0,3542.0,2.15,7.0,0,0,,Downtown
671475,1635,5,4,28,212.0,7520.0,7.51,5.4,0,0,63.0,Midtown
534883,781,4,4,42,519.0,2174.0,1.51,8.9,0,0,82.0,Downtown
514714,1621,1,1,54,461.0,2567.0,12.58,9.9,0,0,77.0,Suburb
731908,1620,1,2,6,236.0,6882.0,3.44,8.4,0,1,85.0,Midtown
1265500,1719,1,1,69,315.0,7711.0,7.34,8.7,0,0,58.0,Suburb
652557,1490,4,4,70,519.0,8386.0,6.77,7.5,0,0,85.0,Midtown
702818,1556,5,5,55,364.0,7450.0,6.7,7.4,0,0,69.0,Midtown
724136,1778,4,4,73,489.0,7803.0,12.39,8.1,0,0,89.0,Suburb
686842,2043,2,2,34,234.0,4330.0,12.11,7.4,0,1,70.0,Suburb
676178,1633,4,5,65,328.0,6037.0,5.63,8.0,1,0,45.0,Midtown
505732,1575,1,1,58,184.0,2462.0,16.01,7.9,1,0,80.0,Suburb
457324,1851,5,5,45,461.0,1553.0,21.71,7.5,0,0,65.0,Rural
564530,743,5,5,14,559.0,7083.0,7.79,4.9,1,0,65.0,Midtown
734658,2062,4,3,44,363.0,4932.0,5.71,8.0,0,0,53.0,Midtown
791947,1800,5,5,72,267.0,8681.0,1.76,5.9,0,0,89.0,Downtown
662380,1822,3,3,78,220.0,9297.0,13.38,9.4,0,0,64.0,Suburb
847431,2328,3,4,35,397.0,5585.0,2.81,6.5,0,0,89.0,Midtown
500476,726,2,3,19,536.0,6687.0,5.69,6.6,0,0,65.0,Midtown
500164,714,5,5,59,467.0,3544.0,1.41,6.2,0,0,59.0,Downtown
691016,1951,4,5,6,339.0,2067.0,11.08,8.4,0,0,86.0,Suburb
759178,1796,1,2,12,372.0,6803.0,8.24,8.9,1,0,69.0,Midtown
668993,1894,5,5,44,391.0,5436.0,11.06,7.4,0,0,69.0,Suburb
560643,1546,1,2,79,235.0,5095.0,2.18,3.0,1,0,55.0,Downtown
709560,2165,3,2,26,235.0,11876.0,21.14,,1,0,65.0,Rural
835206,2313,1,2,35,449.0,3301.0,1.89,6.1,0,0,75.0,Downtown
731272,2066,4,3,25,80.0,7776.0,3.3,5.5,0,0,54.0,Downtown
648547,1657,3,4,35,446.0,3841.0,10.88,8.3,0,0,64.0,Suburb
397662,641,3,2,0,294.0,7380.0,13.11,7.4,0,0,65.0,Rural
925265,2223,4,4,47,336.0,7754.0,1.7,8.1,1,0,71.0,Downtown
924605,2472,4,3,47,588.0,8255.0,5.82,6.1,0,0,88.0,Midtown
749473,2155,2,1,25,229.0,4564.0,8.98,7.5,0,0,66.0,Suburb
543650,1316,5,5,21,338.0,4005.0,14.29,6.1,0,0,62.0,Suburb
866210,2171,3,4,60,334.0,9263.0,4.09,8.6,0,0,98.0,Midtown
767011,2273,1,1,15,330.0,11495.0,6.58,5.6,0,0,65.0,Midtown
766418,2657,1,1,3,227.0,8729.0,11.42,7.6,0,1,68.0,Suburb
529101,1318,2,3,3,126.0,3678.0,16.7,8.9,0,1,66.0,Suburb
692116,1675,4,5,70,281.0,7197.0,10.75,9.3,0,0,67.0,Suburb
839220,2211,3,2,29,504.0,13062.0,5.58,6.6,0,0,71.0,Midtown
795332,1832,2,2,8,324.0,6794.0,0.7,6.7,0,0,81.0,Downtown
355525,1185,3,2,70,404.0,9417.0,23.75,6.6,0,1,75.0,Rural
715849,2028,5,5,11,389.0,4923.0,11.78,7.6,0,0,83.0,Suburb
1540705,2118,3,3,26,271.0,6776.0,11.2,9.0,1,0,83.0,Suburb
820353,1848,1,1,1,481.0,8107.0,2.19,5.5,0,1,73.0,Downtown
775848,1921,1,1,54,257.0,7639.0,1.11,6.2,1,0,75.0,Downtown
641701,1658,3,3,55,297.0,4414.0,15.34,8.3,0,0,83.0,Suburb
850262,2613,3,4,60,482.0,5452.0,1.0,8.0,0,0,57.0,Downtown
509543,1305,5,4,21,333.0,8377.0,23.93,9.5,0,0,98.0,Rural
653212,1477,3,4,26,279.0,9091.0,4.82,4.6,0,1,64.0,Midtown
710168,1806,4,4,75,386.0,10288.0,7.81,8.3,0,0,66.0,Suburb
777968,2283,3,4,65,350.0,11589.0,13.56,9.7,0,0,55.0,Suburb
580438,976,2,3,2,346.0,5848.0,5.49,6.8,0,0,56.0,Midtown
580314,1079,4,3,55,636.0,4857.0,2.28,6.6,0,0,82.0,Midtown
493118,679,4,3,65,425.0,8532.0,10.48,7.8,0,1,97.0,Suburb
764497,1818,4,5,44,100.0,8304.0,4.58,8.1,0,1,63.0,Midtown
509378,1185,1,1,51,319.0,3306.0,3.72,7.7,0,1,74.0,Midtown
654731,1588,4,3,0,390.0,3662.0,12.37,8.5,0,1,73.0,Suburb
654490,2164,2,2,2,320.0,8167.0,16.9,5.3,0,0,82.0,Rural
738532,1447,4,5,2,415.0,5633.0,5.27,7.4,0,0,97.0,Midtown
862688,1927,4,5,12,382.0,6586.0,2.73,5.3,1,0,88.0,Downtown
686825,1635,4,4,79,379.0,8983.0,4.98,7.1,0,0,67.0,Midtown
872048,2170,5,4,50,494.0,8842.0,3.18,4.7,0,0,76.0,Midtown
882662,2061,3,3,62,285.0,10138.0,1.13,6.6,0,0,78.0,Downtown
639459,1419,1,2,23,166.0,1500.0,0.86,7.3,0,0,70.0,Downtown
652036,1707,4,3,75,748.0,7022.0,13.59,9.3,0,1,57.0,Suburb
967674,2374,4,4,15,299.0,8926.0,1.16,5.4,1,0,60.0,Midtown
530533,2016,1,1,72,292.0,2943.0,12.63,9.3,0,0,84.0,Rural
608339,1032,1,1,2,101.0,3941.0,1.57,7.5,0,1,85.0,Downtown
912267,2161,2,1,1,329.0,4832.0,1.15,7.9,1,0,68.0,Downtown
637589,1203,5,5,6,308.0,5838.0,10.3,,0,0,73.0,Suburb
813353,2577,3,4,63,297.0,11502.0,13.63,7.5,0,0,84.0,Suburb
892123,2363,5,4,20,545.0,12232.0,6.01,6.9,0,1,50.0,Midtown
814293,1959,5,5,36,477.0,4655.0,1.2,6.1,0,1,65.0,Downtown
789788,1886,3,3,37,418.0,7920.0,2.21,5.6,0,0,94.0,Downtown
742576,1685,4,5,63,172.0,7759.0,6.72,6.5,0,0,74.0,Midtown
843060,2173,2,3,27,535.0,7917.0,5.1,7.9,0,0,56.0,Midtown
636368,1596,1,1,0,137.0,7253.0,8.74,5.6,1,0,71.0,Midtown
799919,1930,2,3,30,498.0,7415.0,1.33,6.2,0,1,82.0,Downtown
805848,2280,3,3,23,473.0,11295.0,7.96,7.2,0,0,39.0,Midtown
384520,1491,1,1,58,349.0,8885.0,26.35,9.0,0,1,72.0,Rural
483301,1461,2,1,60,212.0,3443.0,11.75,7.0,0,1,66.0,Suburb
593615,1143,1,2,7,,7701.0,7.55,,0,0,50.0,Midtown
667543,1215,4,4,63,328.0,8029.0,0.55,7.0,0,1,71.0,Downtown
650810,794,5,5,5,423.0,,4.27,7.0,0,0,68.0,Midtown
830818,2201,5,4,49,390.0,9810.0,3.45,7.5,0,0,70.0,Midtown
755347,2795,2,3,31,70.0,8164.0,15.39,7.5,0,1,66.0,Suburb
875248,2584,3,2,24,485.0,7942.0,11.91,6.9,0,0,58.0,Suburb
392157,906,5,4,38,410.0,,20.94,7.3,0,1,53.0,Rural
492938,2199,3,3,24,292.0,1933.0,18.7,4.9,0,0,62.0,Rural
639455,2582,2,3,63,248.0,7237.0,19.65,5.2,0,0,80.0,Rural
393615,1549,2,1,77,358.0,4528.0,21.23,6.8,0,1,73.0,Rural
700445,1856,4,3,65,278.0,3601.0,1.75,5.3,0,0,69.0,Downtown
523716,696,3,3,35,79.0,8760.0,1.34,5.9,0,0,58.0,Downtown
702330,1947,5,4,40,469.0,7937.0,5.8,7.7,0,0,66.0,Midtown
639964,1215,5,5,35,482.0,5723.0,5.93,7.0,1,0,,Midtown
765564,1910,1,1,63,256.0,5220.0,1.77,5.5,0,0,76.0,Downtown
551944,941,4,3,44,247.0,6210.0,11.0,8.0,0,1,64.0,Suburb
643485,2099,2,1,37,326.0,9337.0,14.51,7.1,0,0,39.0,Suburb
794287,2363,3,4,32,174.0,5108.0,5.09,8.3,0,1,62.0,Midtown
673773,1369,2,3,30,192.0,5971.0,2.59,5.7,0,1,64.0,Downtown
639999,1175,2,2,44,225.0,7920.0,3.45,7.9,1,0,59.0,Midtown
396725,614,2,2,55,416.0,1500.0,2.06,3.8,0,0,65.0,Downtown
491865,1653,1,2,34,236.0,6180.0,17.39,8.5,1,0,80.0,Suburb
738475,1480,4,3,64,331.0,5043.0,2.99,6.0,0,1,70.0,Midtown
455161,947,1,1,66,515.0,5142.0,12.28,7.9,0,0,82.0,Suburb
750967,2049,2,3,34,357.0,5545.0,4.15,6.6,1,0,52.0,Midtown
614761,1553,1,2,72,321.0,6548.0,4.39,7.7,0,1,66.0,Midtown
641246,1208,1,1,13,236.0,10599.0,4.31,6.1,0,0,47.0,Midtown
559633,1495,2,3,74,243.0,5324.0,10.46,8.8,0,0,65.0,Suburb
848878,2389,5,5,23,158.0,7936.0,12.71,8.3,1,1,57.0,Suburb
1012499,2132,5,5,45,536.0,11885.0,1.26,8.5,1,0,85.0,Downtown
413722,1728,2,1,22,369.0,5039.0,25.8,7.8,0,0,75.0,Rural
919986,2141,3,3,35,329.0,11446.0,0.8,6.4,0,0,82.0,Downtown
578217,1161,5,5,27,404.0,5747.0,12.88,7.2,0,1,65.0,Suburb
799696,1818,2,1,56,403.0,10976.0,2.63,6.5,0,1,58.0,Downtown
815386,1881,5,5,6,233.0,8473.0,6.03,6.5,0,1,57.0,Midtown
609918,1542,1,1,67,,6958.0,10.59,7.4,0,1,73.0,Suburb
708032,2040,2,3,72,179.0,6624.0,1.18,4.9,0,0,92.0,Downtown
595250,1371,2,2,45,528.0,4425.0,3.69,8.3,0,0,75.0,Midtown
738800,2080,1,1,43,385.0,7025.0,4.69,6.8,0,0,66.0,Midtown
882372,2104,5,4,55,156.0,9108.0,1.6,7.3,1,1,68.0,Downtown
515273,600,5,5,15,238.0,5027.0,6.62,9.1,0,1,70.0,Suburb
822399,2455,2,1,59,299.0,6494.0,10.59,8.8,0,0,94.0,Suburb
480788,600,5,5,17,363.0,4433.0,12.08,9.0,0,1,85.0,Suburb
632609,1461,4,3,54,226.0,8574.0,4.62,8.7,0,0,73.0,Midtown
907215,2364,5,5,24,653.0,10240.0,4.9,6.3,0,0,71.0,Midtown
724667,1625,5,5,59,458.0,,0.87,5.8,0,0,74.0,Downtown
609540,994,3,4,63,407.0,3861.0,2.01,8.8,0,1,76.0,Downtown
680223,1198,1,1,16,197.0,6726.0,0.68,8.8,0,0,65.0,Downtown
645765,2365,5,4,49,507.0,10997.0,26.49,8.3,0,0,60.0,Rural
305612,743,4,4,39,339.0,8097.0,13.0,8.7,0,1,82.0,Suburb
741085,2421,5,5,23,386.0,4116.0,12.55,9.3,0,0,70.0,Suburb
745319,1770,5,5,47,,5804.0,5.3,6.4,1,0,81.0,Midtown
510152,1144,1,2,79,85.0,3386.0,2.9,8.2,0,1,90.0,Midtown
688707,1479,3,4,0,542.0,5446.0,4.86,6.8,0,0,76.0,Midtown
620901,1241,1,1,76,302.0,9840.0,3.15,7.3,0,0,74.0,Midtown
731276,2276,1,1,68,434.0,3515.0,4.84,5.8,0,0,98.0,Midtown
868896,2203,5,5,42,291.0,2936.0,1.77,7.2,0,1,72.0,Downtown
525341,854,5,5,48,309.0,3293.0,1.49,5.7,0,0,57.0,Downtown
582975,1578,5,5,29,281.0,6952.0,17.69,6.8,0,0,67.0,Rural
790211,1325,5,5,10,450.0,7482.0,5.02,7.3,1,1,89.0,Midtown
448264,2511,4,3,45,393.0,8447.0,34.84,3.9,0,0,54.0,Rural
661001,1057,3,3,65,294.0,8548.0,0.61,7.0,0,1,61.0,Downtown
879323,2682,5,5,18,298.0,3151.0,3.85,6.3,0,1,83.0,Midtown
726140,1782,3,3,57,198.0,9449.0,2.01,7.5,0,1,67.0,Downtown
532382,1161,4,3,59,379.0,4953.0,5.28,6.2,0,0,69.0,Midtown
688665,1427,2,1,60,,7881.0,0.83,5.2,0,0,83.0,Downtown
641493,1359,4,5,27,303.0,2662.0,1.52,6.2,0,0,61.0,Downtown
379143,1099,5,5,31,606.0,5671.0,25.27,6.5,1,1,52.0,Rural
710884,1852,4,5,33,375.0,7153.0,9.21,7.7,0,1,53.0,Midtown
447453,1125,3,2,68,502.0,8579.0,14.23,8.1,0,0,77.0,Suburb
363683,601,1,1,72,216.0,1500.0,2.16,5.5,0,0,73.0,Midtown
632948,1591,1,2,33,309.0,6326.0,4.13,6.1,0,0,62.0,Midtown
459987,808,4,4,77,378.0,2597.0,0.85,8.3,0,0,56.0,Midtown
700444,1386,4,4,45,181.0,7267.0,1.05,6.9,0,1,67.0,Downtown
586017,1300,4,4,30,556.0,7843.0,16.81,8.1,0,1,83.0,Rural
647034,1321,5,4,0,404.0,9143.0,14.07,7.6,0,0,60.0,Suburb
827412,2901,3,2,48,440.0,6484.0,9.68,7.3,0,1,62.0,Suburb
779180,1831,5,5,51,330.0,8855.0,6.39,6.3,0,0,56.0,Midtown
803107,1935,4,3,77,365.0,10064.0,0.38,6.3,0,0,66.0,Downtown
191780,823,2,1,57,,1500.0,16.99,5.8,0,0,74.0,Rural
734425,1440,5,5,2,568.0,7599.0,4.66,5.2,0,0,95.0,Midtown
776894,1918,1,2,45,317.0,9038.0,1.4,6.1,0,1,73.0,Downtown
538745,1237,3,3,59,394.0,5178.0,4.56,7.3,0,0,69.0,Midtown
809085,2299,5,5,39,583.0,4072.0,13.27,8.4,1,0,80.0,Suburb
543974,1139,4,4,34,524.0,8064.0,12.86,6.3,0,0,78.0,Suburb
608499,1642,5,4,64,512.0,3312.0,10.88,8.6,0,0,63.0,Suburb
551560,1478,1,1,48,109.0,5668.0,12.7,8.3,0,0,98.0,Suburb
819080,1890,3,2,54,,6508.0,1.64,7.7,1,0,70.0,Downtown
499605,1448,4,5,37,265.0,7866.0,16.16,7.8,1,0,73.0,Rural
707665,1651,4,5,22,472.0,4755.0,2.83,7.7,0,0,77.0,Midtown
652546,1670,5,4,41,440.0,4633.0,12.14,7.2,0,1,74.0,Suburb
616366,1396,3,2,76,183.0,6262.0,0.71,6.6,0,0,88.0,Downtown
699267,2067,4,3,48,362.0,9336.0,16.2,9.0,1,0,63.0,Rural
773715,1931,3,4,56,171.0,12376.0,6.57,7.9,1,0,79.0,Midtown
